{
    "latent_dim": 128,
    "generator_optimizer": {
        "learning_rate": 9.999999747378752e-05,
        "beta_1": 0.5
    },
    "discriminator_optimizer": {
        "learning_rate": 0.00019999999494757503,
        "beta_1": 0.5
    }
}
